"Player","Pos","Team
                    Currently With","Age
                    At Signing","Start","End","Yrs","Value","AAV","2-Year Cash","3-Year Cash"
"Jayson Tatum","PF","BOS
                 BOS","26","2025","2029","5","$313,933,410","$62,786,682","$112,583,016","$175,369,698"
"Jaylen Brown","SF","PHI
                 PHI","26","2024","2028","5","$285,393,640","$57,078,728","$102,348,064","$159,426,792"
"Nikola Jokic","C","DEN
                 DEN","27","2023","2027","5","$276,122,630","$55,224,526","$99,023,288","$154,247,814"
"Donovan Mitchell","SG","CLE
                 CLE","29","2027","2030","4","$275,968,000","$68,992,000","$128,128,000","$199,584,000"
"Shai Gilgeous-Alexander","PG","OKC
                 OKC","26","2027","2030","4","$275,968,000","$68,992,000","$128,128,000","$199,584,000"
"Evan Mobley","PF","CLE
                 CLE","23","2025","2029","5","$269,085,780","$53,817,156","$96,499,728","$150,316,884"
"Cade Cunningham","PG","DET
                 DET","22","2025","2029","5","$269,085,780","$53,817,156","$96,499,728","$150,316,884"
"Victor Wembanyama","C","SAS
                 SAS","22","2027","2031","5","$255,200,000","$51,040,000","$91,520,000","$142,560,000"
"Anthony Edwards","SG","MIN
                 MIN","21","2024","2028","5","$244,623,120","$48,924,624","$87,726,912","$136,651,536"
"Tyrese Haliburton","PG","IND
                 IND","23","2024","2028","5","$244,623,120","$48,924,624","$87,726,912","$136,651,536"
"Jalen Williams","SF","OKC
                 OKC","24","2026","2030","5","$239,193,450","$47,838,690","$85,779,720","$133,618,410"
"Chet Holmgren","C","OKC
                 OKC","23","2026","2030","5","$239,193,450","$47,838,690","$85,779,720","$133,618,410"
"Paolo Banchero","PF","ORL
                 ORL","22","2026","2030","5","$239,193,450","$47,838,690","$85,779,720","$133,618,410"
"Franz Wagner","SF","ORL
                 ORL","22","2025","2029","5","$224,238,150","$44,847,630","$80,416,440","$125,264,070"
"Scottie Barnes","PF","TOR
                 TOR","22","2025","2029","5","$224,238,150","$44,847,630","$80,416,440","$125,264,070"
"De'Aaron Fox","PG","SAS
                 SAS","27","2026","2029","4","$221,707,584","$55,426,896","$102,935,664","$160,342,092"
"Karl-Anthony Towns","C","NYK
                 NYK","26","2024","2027","4","$220,441,984","$55,110,496","$102,348,064","$159,426,792"
"Devin Booker","SG","PHX
                 PHX","25","2024","2027","4","$220,441,984","$55,110,496","$102,348,064","$159,426,792"
"Zach LaVine","SG","SAC
                 SAC","27","2022","2026","5","$215,159,700","$43,031,940","$77,160,720","$94,472,420"
"Trae Young","PG","WAS
                 WAS","27","2026","2029","4","$212,799,690","$53,199,923","$99,966,366","$154,403,496"
"OG Anunoby","SF","NYK
                 NYK","26","2024","2028","5","$212,500,000","$42,500,000","$76,206,898","$118,706,898"
"Paul George","SG","BOS
                 BOS","34","2024","2027","4","$211,584,940","$52,896,235","$100,871,890","$154,998,270"
"Amen Thompson","PG","HOU
                 HOU","23","2027","2031","5","$208,000,000","$41,600,000","$74,593,103","$116,193,103"
"Jamal Murray","PG","DEN
                 DEN","27","2025","2028","4","$207,845,568","$51,961,392","$96,499,728","$150,316,884"
"Jaren Jackson Jr.","PF","UTA
                 UTA","25","2026","2029","4","$205,000,000","$51,250,000","$99,500,000","$151,500,000"
"Tyrese Maxey","PG","PHI
                 PHI","23","2024","2028","5","$203,852,600","$40,770,520","$73,105,760","$113,876,280"
"LaMelo Ball","PG","MIN
                 MIN","21","2024","2028","5","$203,852,600","$40,770,520","$73,105,760","$113,876,280"
"Desmond Bane","SG","ORL
                 ORL","25","2024","2028","5","$197,230,450","$39,446,090","$70,730,920","$110,177,010"
"Darius Garland","PG","LAC
                 LAC","22","2023","2027","5","$197,230,450","$39,446,090","$70,730,920","$86,146,633"
"Zion Williamson","PF","NOP
                 NOP","22","2023","2027","5","$197,230,450","$39,446,090","$70,730,920","$110,177,010"
"Ja Morant","PG","POR
                 POR","22","2023","2027","5","$197,230,450","$39,446,090","$70,730,920","$110,177,010"
"Lauri Markkanen","PF","UTA
                 UTA","27","2025","2028","4","$195,868,144","$48,967,036","$92,507,254","$142,331,935"
"Kevin Durant","SF","HOU
                 HOU","32","2022","2025","4","$194,219,320","$48,554,830","$63,374,668","$113,230,689"
"Pascal Siakam","PF","IND
                 IND","30","2024","2027","4","$188,950,272","$47,237,568","$87,726,912","$136,651,536"
"Joel Embiid","C","PHI
                 PHI","30","2026","2028","3","$187,873,836","$62,624,612","$120,610,364","$187,873,836"
"Domantas Sabonis","PF","SAC
                 SAC","27","2024","2027","4","$186,016,000","$46,504,000","$81,536,000","$127,008,000"
"Alperen Sengun","C","HOU
                 HOU","22","2025","2029","5","$185,000,000","$37,000,000","$69,587,156","$106,926,606"
"Austin Reaves","SG","LAL
                 LAL","28","2026","2029","4","$184,756,320","$46,189,080","$84,194,280","$130,447,530"
"Michael Porter Jr.","SF","BKN
                 BKN","23","2022","2026","5","$179,299,750","$35,859,950","$64,300,600","$100,160,550"
"Shai Gilgeous-Alexander","PG","OKC
                 OKC","23","2022","2026","5","$179,299,750","$35,859,950","$64,300,600","$100,160,550"
"Giannis Antetokounmpo","PF","MIA
                 MIA","28","2025","2027","3","$175,369,698","$58,456,566","$112,583,016","$175,369,698"
"Anthony Davis","C","WAS
                 WAS","30","2025","2027","3","$175,369,698","$58,456,566","$79,609,432","$142,396,114"
"Bam Adebayo","C","MIA
                 MIA","23","2021","2025","5","$163,000,300","$32,600,060","$58,455,280","$91,055,340"
"Immanuel Quickley","PG","TOR
                 TOR","25","2024","2028","5","$162,500,000","$32,500,000","$65,000,000","$97,500,000"
"Luka Doncic","PG","LAL
                 LAL","26","2026","2028","3","$160,342,092","$53,447,364","$102,935,664","$160,342,092"
"Bam Adebayo","C","MIA
                 MIA","26","2026","2028","3","$160,342,092","$53,447,364","$102,935,664","$160,342,092"
"Jerami Grant","PF","MEM
                 MEM","29","2023","2027","5","$160,000,000","$32,000,000","$57,379,311","$89,379,312"
"Brandon Ingram","SF","LAC
                 LAC","23","2020","2024","5","$158,253,000","$31,650,600","$56,752,800","$88,403,400"
"Jalen Brunson","PG","NYK
                 NYK","27","2025","2028","4","$156,549,124","$39,137,281","$72,683,522","$113,218,563"
"Ausar Thompson","SG","DET
                 DET","23","2027","2031","5","$155,000,000","$31,000,000","$55,586,207","$86,586,207"
"Keyonte George","SG","UTA
                 UTA","22","2027","2031","5","$155,000,000","$31,000,000","$58,555,556","$89,555,556"
"Jalen Suggs","SG","ORL
                 ORL","23","2025","2029","5","$150,500,000","$30,100,000","$67,400,000","$97,000,000"
"Donovan Mitchell","SG","CLE
                 CLE","27","2025","2027","3","$150,316,884","$50,105,628","$96,499,728","$150,316,884"
"Mikal Bridges","SF","NYK
                 NYK","28","2026","2029","4","$150,000,000","$37,500,000","$69,642,859","$108,482,144"
"Jalen Johnson","SF","ATL
                 ATL","22","2025","2029","5","$150,000,000","$30,000,000","$60,000,000","$90,000,000"
"Kawhi Leonard","SF","TOR
                 TOR","32","2024","2026","3","$149,505,800","$49,835,267","$99,205,800","$149,505,800"
"Keegan Murray","PF","SAC
                 SAC","25","2026","2030","5","$140,000,000","$28,000,000","$50,206,901","$78,206,900"
"Devin Vassell","SG","SAS
                 SAS","23","2024","2028","5","$135,000,000","$27,000,000","$56,847,826","$83,847,826"
"Jrue Holiday","PG","POR
                 POR","33","2024","2027","4","$134,400,000","$33,600,000","$62,400,000","$97,200,000"
"Devin Booker","SG","PHX
                 PHX","28","2028","2029","2","$132,594,000","$66,297,000","$132,594,000","$132,594,000"
"Jaden McDaniels","PF","MIN
                 MIN","23","2024","2028","5","$131,000,000","$26,200,000","$46,979,310","$73,179,310"
"Walker Kessler","C","LAL
                 LAL","24","2026","2029","4","$129,467,930","$32,366,983","$61,723,083","$94,842,786"
"Jordan Poole","SG","NOP
                 NOP","23","2023","2026","4","$128,000,000","$32,000,000","$57,107,143","$88,955,358"
"Christian Braun","SG","DEN
                 DEN","24","2026","2030","5","$125,000,000","$25,000,000","$44,827,589","$69,827,589"
"Naz Reid","C","CHA
                 CHA","25","2025","2029","5","$125,000,000","$25,000,000","$44,827,586","$69,827,586"
"Jabari Smith Jr.","PF","HOU
                 HOU","22","2026","2030","5","$122,000,000","$24,400,000","$45,395,351","$69,038,762"
"Brandon Ingram","SF","LAC
                 LAC","27","2025","2027","3","$120,000,000","$40,000,000","$78,095,238","$120,000,000"
"Tyler Herro","SG","MIL
                 MIL","22","2023","2026","4","$120,000,000","$30,000,000","$56,000,000","$87,000,000"
"Kyrie Irving","PG","DAL
                 DAL","33","2025","2027","3","$118,473,846","$39,491,282","$76,057,284","$118,473,846"
"Derrick White","PG","BOS
                 BOS","30","2025","2028","4","$118,048,000","$29,512,000","$54,808,000","$85,374,000"
"Stephen Curry","PG","GSW
                 GSW","38","2027","2028","2","$115,856,000","$57,928,000","$115,856,000","$115,856,000"
"Kawhi Leonard","SF","TOR
                 TOR","35","2027","2028","2","$115,000,000","$57,500,000","$115,000,000","$115,000,000"
"Dejounte Murray","PG","NOP
                 NOP","26","2024","2027","4","$114,238,204","$28,559,551","$51,583,168","$80,350,704"
"Ayo Dosunmu","PG","MIN
                 MIN","26","2026","2030","5","$112,000,000","$22,400,000","$40,165,518","$62,565,519"
"Trey Murphy III","SF","NOP
                 NOP","24","2025","2028","4","$112,000,000","$28,000,000","$52,000,000","$81,000,000"
"Jimmy Butler","SF","GSW
                 GSW","35","2025","2026","2","$110,959,223","$55,479,612","$110,959,223","$110,959,223"
"Rudy Gobert","C","MIN
                 MIN","32","2025","2027","3","$109,500,000","$36,500,000","$71,500,000","$109,500,000"
"Andrew Wiggins","SF","MIA
                 MIA","27","2023","2026","4","$109,000,002","$27,250,001","$34,297,414","$62,520,629"
"Myles Turner","C","MIL
                 MIL","29","2025","2028","4","$108,868,482","$27,217,121","$51,902,415","$79,752,492"
"R.J. Barrett","SG","TOR
                 TOR","22","2023","2026","4","$107,000,000","$26,750,000","$40,481,887","$68,187,244"
"Jalen Green","SG","PHX
                 PHX","22","2025","2027","3","$105,333,333","$35,111,111","$69,333,333","$105,333,333"
"Jaren Jackson Jr.","PF","UTA
                 UTA","22","2022","2025","4","$104,720,000","$26,180,000","$56,048,807","$81,306,605"
"Aaron Gordon","PF","DEN
                 DEN","29","2026","2028","3","$103,608,840","$34,536,280","$66,514,317","$103,608,840"
"Dyson Daniels","PG","ATL
                 ATL","22","2026","2029","4","$100,000,000","$25,000,000","$50,000,000","$75,000,000"
"Josh Giddey","SG","CHI
                 CHI","22","2025","2028","4","$100,000,000","$25,000,000","$50,000,000","$75,000,000"
"Julius Randle","PF","BKN
                 BKN","30","2025","2027","3","$100,000,000","$33,333,333","$64,197,532","$100,000,000"
"Jarrett Allen","C","CLE
                 CLE","23","2021","2025","5","$100,000,000","$20,000,000","$40,000,000","$60,000,000"
"Nicolas Claxton","C","CHI
                 CHI","25","2024","2027","4","$97,000,000","$24,250,000","$53,098,577","$76,246,304"
"James Harden","SG","CLE
                 CLE","37","2026","2028","3","$96,540,000","$32,180,000","$62,827,619","$96,540,000"
"Cameron Johnson","SF","DEN
                 DEN","27","2023","2026","4","$94,500,000","$23,625,000","$47,519,022","$68,062,500"
"Mikal Bridges","SF","NYK
                 NYK","25","2022","2025","4","$90,900,000","$22,725,000","$28,820,690","$52,120,690"
"Jarrett Allen","C","CLE
                 CLE","26","2026","2028","3","$90,720,000","$30,240,000","$58,240,000","$90,720,000"
"Shaedon Sharpe","SG","POR
                 POR","22","2026","2029","4","$90,000,000","$22,500,000","$41,785,716","$65,089,287"
"Kevin Durant","SF","HOU
                 HOU","37","2026","2027","2","$90,000,000","$45,000,000","$90,000,000","$90,000,000"
"Patrick Williams","PF","CHI
                 CHI","22","2024","2028","5","$90,000,000","$18,000,000","$36,000,000","$54,000,000"
"Kyle Kuzma","PF","MIL
                 MIL","27","2023","2026","4","$90,000,000","$22,500,000","$35,423,929","$57,651,201"
"De'Andre Hunter","SF","SAC
                 SAC","24","2023","2026","4","$90,000,000","$22,500,000","$28,318,966","$37,827,894"
"PJ Washington","PF","DAL
                 DAL","27","2026","2029","4","$88,762,439","$22,190,610","$41,211,131","$64,194,263"
"Peyton Watson","SG","CLE
                 CLE","23","2026","2029","4","$88,000,000","$22,000,000","$41,953,488","$64,465,116"
"Aaron Gordon","PF","DEN
                 DEN","26","2022","2025","4","$86,640,001","$21,660,000","$41,957,091","$64,798,546"
"Dillon Brooks","SF","PHX
                 PHX","27","2023","2026","4","$86,000,001","$21,500,000","$45,883,164","$68,007,274"
"Jakob Poeltl","C","TOR
                 TOR","29","2027","2029","3","$84,084,000","$28,028,000","$56,784,000","$84,084,000"
"Luguentz Dort","SG","ATL
                 ATL","23","2022","2026","5","$82,500,000","$16,500,000","$30,555,556","$47,555,556"
"Tari Eason","PF","HOU
                 HOU","25","2026","2030","5","$81,509,460","$16,301,892","$29,230,980","$45,532,872"
"James Harden","SG","CLE
                 CLE","35","2025","2026","2","$81,500,000","$40,750,000","$57,630,084","$57,630,084"
"Alex Caruso","SG","OKC
                 OKC","30","2025","2028","4","$81,096,960","$20,274,240","$37,652,160","$58,650,480"
"Toumani Camara","PF","POR
                 POR","25","2026","2029","4","$81,000,000","$20,250,000","$37,607,144","$58,580,358"
"Josh Hart","SG","NYK
                 NYK","28","2024","2027","4","$80,915,280","$20,228,820","$37,616,240","$58,540,000"
"Jakob Poeltl","C","TOR
                 TOR","27","2023","2026","4","$78,000,000","$19,500,000","$39,000,000","$58,500,000"
"Malik Monk","SG","SAC
                 SAC","26","2024","2027","4","$77,975,308","$19,493,827","$36,202,822","$56,392,857"
"Isaiah Hartenstein","C","OKC
                 OKC","28","2026","2028","3","$75,000,000","$25,000,000","$48,148,148","$75,000,000"
"Miles Bridges","SF","PHX
                 PHX","26","2024","2026","3","$75,000,000","$25,000,000","$52,173,913","$75,000,000"
"Coby White","PG","CHA
                 CHA","26","2026","2028","3","$74,000,000","$24,666,667","$51,478,260","$74,000,000"
"Keldon Johnson","SG","SAS
                 SAS","22","2023","2026","4","$74,000,000","$18,500,000","$39,000,000","$57,000,000"
"Dillon Brooks","SF","PHX
                 PHX","30","2027","2029","3","$73,000,000","$24,333,333","$46,864,197","$72,999,999"
"Grayson Allen","SG","CHA
                 CHA","28","2024","2027","4","$70,000,000","$17,500,000","$32,500,000","$50,625,000"
"Herb Jones","SF","NOP
                 NOP","26","2027","2029","3","$67,580,892","$22,526,964","$43,385,264","$67,580,892"
"Lauri Markkanen","PF","UTA
                 UTA","24","2021","2024","4","$67,470,906","$16,867,727","$32,166,363","$49,426,362"
"AJ Dybantsa","SF","WAS
                 WAS","19","2026","2029","4","$66,914,054","$16,728,514","$30,233,760","$46,456,800"
"Gary Trent Jr.","SG","MIL
                 MIL","27","2026","2029","4","$64,000,000","$16,000,000","$31,600,000","$48,000,000"
"Cooper Flagg","SF","DAL
                 DAL","18","2025","2028","4","$62,730,226","$15,682,557","$28,343,400","$43,552,080"
"Stephen Curry","PG","GSW
                 GSW","36","2026","2026","1","$62,587,158","$62,587,158","$62,587,158","$62,587,158"
"Nikola Jovic","SF","MIA
                 MIA","21","2026","2029","4","$62,400,000","$15,600,000","$31,104,000","$46,200,000"
"Max Strus","SG","CLE
                 CLE","27","2023","2026","4","$62,297,040","$15,574,260","$29,699,752","$45,636,204"
"Onyeka Okongwu","C","ATL
                 ATL","22","2024","2027","4","$61,980,000","$15,495,000","$29,000,000","$45,100,000"
"Nickeil Alexander-Walker","SG","ATL
                 ATL","26","2025","2028","4","$60,647,200","$15,161,800","$29,565,510","$44,727,310"
"Pelle Larsson","SG","MIA
                 MIA","25","2027","2030","4","$60,000,000","$15,000,000","$28,080,000","$43,740,000"
"Quentin Grimes","SG","LAL
                 LAL","26","2026","2029","4","$60,000,000","$15,000,000","$28,604,652","$43,953,489"
"Isaiah Stewart","C","MEM
                 MEM","22","2024","2027","4","$60,000,000","$15,000,000","$30,000,000","$45,000,000"
"Darryn Peterson","PG","UTA
                 UTA","19","2026","2029","4","$59,884,295","$14,971,074","$27,050,640","$41,565,960"
"Wendell Carter Jr.","C","ORL
                 ORL","25","2026","2028","3","$58,650,480","$19,550,160","$37,652,160","$58,650,480"
"Ivica Zubac","C","IND
                 IND","27","2025","2027","3","$58,650,480","$19,550,160","$26,416,436","$47,414,756"
"Andrew Nembhard","PG","IND
                 IND","24","2025","2027","3","$58,650,480","$19,550,160","$37,652,160","$58,650,480"
"Obi Toppin","PF","IND
                 IND","26","2024","2027","4","$58,000,000","$14,500,000","$26,975,000","$41,975,000"
"Zaccharie Risacher","SF","DAL
                 DAL","19","2024","2027","4","$57,027,437","$14,256,859","$25,766,760","$39,592,800"
"Dylan Harper","PG","SAS
                 SAS","19","2025","2028","4","$56,140,114","$14,035,029","$25,359,360","$38,967,120"
"Neemias Queta","C","BOS
                 BOS","26","2027","2030","4","$56,000,000","$14,000,000","$26,000,000","$40,500,000"
"Victor Wembanyama","C","SAS
                 SAS","19","2023","2026","4","$55,174,766","$13,793,692","$24,929,640","$38,306,520"
"Deni Avdija","SF","POR
                 POR","22","2024","2027","4","$55,000,000","$13,750,000","$30,000,000","$43,125,000"
"Daniel Gafford","C","DAL
                 DAL","26","2026","2028","3","$54,380,290","$18,126,763","$35,390,347","$54,380,289"
"Corey Kispert","SF","ATL
                 ATL","25","2025","2028","4","$54,000,000","$13,500,000","$21,524,713","$34,549,713"
"Herb Jones","SF","NOP
                 NOP","24","2023","2026","4","$53,827,872","$13,456,968","$24,991,512","$38,929,086"
"Cameron Boozer","PF","MEM
                 MEM","18","2026","2029","4","$53,802,569","$13,450,642","$24,291,600","$37,326,480"
"Grant Williams","PF","CHA
                 CHA","24","2023","2026","4","$53,341,500","$13,335,375","$17,730,595","$31,376,095"
"Dorian Finney-Smith","PF","ATL
                 ATL","32","2025","2028","4","$52,705,000","$13,176,250","$26,035,000","$39,370,000"
"Santi Aldama","C","DAL
                 DAL","24","2025","2027","3","$52,500,002","$17,500,001","$35,492,959","$52,500,002"
"Sandro Mamukelashvili","C","LAL
                 LAL","27","2026","2029","4","$52,000,000","$13,000,000","$25,350,000","$38,350,000"
"Naji Marshall","SF","DAL
                 DAL","28","2027","2029","3","$51,857,460","$17,285,820","$35,519,184","$52,200,000"
"Alex Sarr","PF","WAS
                 WAS","19","2024","2027","4","$51,036,398","$12,759,100","$23,053,920","$35,424,600"
"John Collins","PF","DET
                 DET","28","2026","2028","3","$51,000,000","$17,000,000","$34,000,000","$51,000,000"
"VJ Edgecombe","SG","PHI
                 PHI","19","2025","2028","4","$50,438,478","$12,609,620","$22,772,760","$34,992,600"
"Fred VanVleet","PG","HOU
                 HOU","31","2025","2026","2","$50,000,000","$25,000,000","$50,000,000","$50,000,000"
"Wendell Carter Jr.","C","ORL
                 ORL","22","2022","2025","4","$50,000,000","$12,500,000","$27,200,000","$39,150,000"
"Brandon Miller","SF","CHA
                 CHA","20","2023","2026","4","$49,378,426","$12,344,607","$22,305,000","$34,273,800"
"Caleb Wilson","PF","CHI
                 CHI","19","2026","2029","4","$48,520,685","$12,130,171","$21,901,680","$33,654,000"
"Collin Gillespie","PG","PHX
                 PHX","27","2026","2029","4","$48,000,000","$12,000,000","$22,285,715","$34,714,286"
"Isaiah Joe","SG","DET
                 DET","25","2024","2027","4","$48,000,000","$12,000,000","$25,353,988","$36,676,994"
"Jarred Vanderbilt","PF","LAL
                 LAL","24","2024","2027","4","$48,000,000","$12,000,000","$22,285,715","$34,714,286"
"Duncan Robinson","SF","DET
                 DET","31","2025","2027","3","$47,978,871","$15,992,957","$32,827,649","$47,978,871"
"Mitchell Robinson","C","BOS
                 BOS","28","2026","2028","3","$47,388,600","$15,796,200","$30,840,200","$47,388,600"
"Terance Mann","SG","BKN
                 BKN","27","2025","2027","3","$47,000,000","$15,666,667","$31,000,000","$47,000,000"
"Donte DiVincenzo","SG","MIN
                 MIN","26","2023","2026","4","$46,870,000","$11,717,500","$22,345,000","$34,335,000"
"Jonathan Kuminga","PF","MIN
                 MIN","22","2025","2026","2","$46,800,000","$23,400,000","$32,834,483","$32,834,483"
"PJ Washington","PF","DAL
                 DAL","25","2023","2025","3","$46,500,000","$15,500,000","$21,890,555","$36,042,729"
"Reed Sheppard","SG","HOU
                 HOU","20","2024","2027","4","$45,853,025","$11,463,256","$20,702,520","$31,811,400"
"Kon Knueppel","SF","CHA
                 CHA","19","2025","2028","4","$45,487,014","$11,371,754","$20,532,240","$31,549,800"
"Julian Champagnie","SF","SAS
                 SAS","25","2026","2028","3","$45,000,000","$15,000,000","$30,350,000","$45,000,000"
"AJ Green","SG","MIL
                 MIL","26","2026","2029","4","$45,000,000","$11,250,000","$20,892,859","$32,544,645"
"Sam Hauser","SF","BOS
                 BOS","26","2025","2028","4","$45,000,000","$11,250,000","$20,892,859","$32,544,644"
"Aaron Wiggins","SG","ATL
                 ATL","25","2024","2028","5","$45,000,000","$9,000,000","$20,869,153","$29,700,929"
"T.J. McConnell","PG","IND
                 IND","32","2025","2028","4","$44,800,000","$11,200,000","$21,200,000","$33,000,000"
"Dennis Schröder","PG","CLE
                 CLE","31","2025","2027","3","$44,427,600","$14,809,200","$20,564,280","$36,078,680"
"Scoot Henderson","PG","POR
                 POR","19","2023","2026","4","$44,363,603","$11,090,901","$20,030,040","$30,778,080"
"Norman Powell","SG","CHI
                 CHI","33","2026","2027","2","$44,075,000","$22,037,500","$44,075,000","$44,075,000"
"Keaton Wagler","PG","LAC
                 LAC","19","2026","2029","4","$43,958,324","$10,989,581","$19,833,000","$30,474,960"
"Bobby Portis","PF","MIA
                 MIA","30","2025","2027","3","$43,564,242","$14,521,414","$27,967,168","$43,564,242"
"Robert Williams III","C","POR
                 POR","28","2026","2028","3","$43,500,000","$14,500,000","$28,500,000","$43,500,000"
"Royce O'Neale","SF","CHA
                 CHA","31","2024","2027","4","$42,000,000","$10,500,000","$19,500,000","$30,375,000"
"Damian Lillard","PG","POR
                 POR","35","2025","2027","3","$41,606,000","$13,868,667","$27,502,000","$41,606,000"
"Stephon Castle","PG","SAS
                 SAS","19","2024","2027","4","$41,351,699","$10,337,925","$18,665,640","$28,681,560"
"Ace Bailey","SF","UTA
                 UTA","18","2025","2028","4","$41,209,782","$10,302,446","$18,592,920","$28,569,480"
"Josh Green","SG","UTA
                 UTA","22","2024","2026","3","$41,000,000","$13,666,667","$26,320,988","$41,000,000"
"Luke Kornet","C","SAS
                 SAS","29","2025","2028","4","$40,700,000","$10,175,000","$21,450,000","$31,350,000"
"Aaron Nesmith","SF","IND
                 IND","26","2027","2028","2","$40,389,440","$20,194,720","$40,389,440","$40,389,440"
"Daniel Gafford","C","DAL
                 DAL","23","2023","2025","3","$40,182,480","$13,394,160","$18,098,367","$32,484,687"
"Amen Thompson","PG","HOU
                 HOU","20","2023","2026","4","$40,008,489","$10,002,122","$18,059,280","$27,749,880"
"Kristaps Porzingis","PF","GSW
                 GSW","30","2026","2027","2","$40,000,000","$20,000,000","$40,000,000","$40,000,000"
"Mikel Brown Jr.","PG","BKN
                 BKN","20","2026","2029","4","$39,935,928","$9,983,982","$18,013,440","$27,679,440"
"Steven Adams","C","HOU
                 HOU","31","2025","2027","3","$39,000,000","$13,000,000","$27,130,435","$39,000,000"
"Dean Wade","PF","PHI
                 PHI","29","2026","2029","4","$38,700,000","$9,675,000","$18,450,000","$28,350,000"
"Mark Williams","C","PHX
                 PHX","24","2026","2028","3","$38,000,000","$12,666,667","$24,395,062","$38,000,000"
"Sam Merrill","SG","CLE
                 CLE","29","2025","2028","4","$38,000,000","$9,500,000","$17,642,859","$27,482,144"
"Buddy Hield","SG","CHI
                 CHI","31","2024","2027","4","$37,756,096","$9,439,024","$12,277,544","$21,936,080"
"Moses Moody","SG","GSW
                 GSW","22","2025","2027","3","$37,500,000","$12,500,000","$24,074,075","$37,500,000"
"Ron Holland II","SF","DET
                 DET","18","2024","2027","4","$37,463,383","$9,365,846","$16,902,600","$25,972,200"
"Tre Johnson","SG","WAS
                 WAS","19","2025","2028","4","$37,439,131","$9,359,783","$16,887,240","$25,948,920"
"Alex Caruso","SG","OKC
                 OKC","27","2021","2024","4","$36,980,000","$9,245,000","$17,630,000","$27,090,000"
"Darius Acuff Jr.","PG","SAC
                 SAC","19","2026","2029","4","$36,474,132","$9,118,533","$16,444,560","$25,268,160"
"Ausar Thompson","SG","DET
                 DET","20","2023","2026","4","$36,246,405","$9,061,601","$16,353,480","$25,128,480"
"Caleb Martin","SF","DAL
                 DAL","28","2024","2027","4","$35,040,704","$8,760,176","$11,741,118","$20,705,019"
"Jeremiah Fears","PG","NOP
                 NOP","18","2025","2028","4","$34,193,629","$8,548,407","$15,416,280","$23,688,240"
"Tidjane Salaun","PF","CHA
                 CHA","18","2024","2027","4","$34,035,473","$8,508,868","$15,351,960","$23,589,840"
"Andrew Wiggins","SF","MIA
                 MIA","31","2027","2028","2","$33,830,356","$16,915,178","$33,830,356","$33,830,356"
"T.J. McConnell","PG","IND
                 IND","29","2021","2024","4","$33,600,000","$8,400,000","$15,600,000","$24,300,000"
"Kingston Flemings","PG","ATL
                 ATL","19","2026","2029","4","$33,430,921","$8,357,730","$15,064,800","$23,148,480"
"Isaac Okoro","SG","CHI
                 CHI","23","2024","2026","3","$33,000,000","$11,000,000","$21,185,186","$33,000,000"
"Aaron Nesmith","SF","IND
                 IND","24","2024","2026","3","$33,000,000","$11,000,000","$22,000,000","$33,000,000"
"Gabe Vincent","PG","ATL
                 ATL","27","2023","2025","3","$33,000,000","$11,000,000","$14,862,069","$26,362,069"
"Anthony Black","SG","ORL
                 ORL","19","2023","2026","4","$32,929,836","$8,232,459","$14,853,240","$22,823,520"
"Zeke Nnaji","PF","DEN
                 DEN","22","2024","2027","4","$32,000,001","$8,000,000","$17,066,667","$24,533,334"
"Max Christie","SG","DAL
                 DAL","21","2024","2027","4","$32,000,000","$8,000,000","$10,628,900","$18,914,614"
"Egor Demin","PG","BKN
                 BKN","19","2025","2028","4","$31,340,682","$7,835,171","$14,122,920","$21,701,160"
"Donovan Clingan","C","POR
                 POR","20","2024","2027","4","$31,085,018","$7,771,255","$14,014,800","$21,534,720"
"Tobias Harris","PF","SAS
                 SAS","33","2026","2027","2","$30,840,200","$15,420,100","$30,840,200","$30,840,200"
"Morez Johnson Jr.","C","DAL
                 DAL","20","2026","2029","4","$30,745,156","$7,686,289","$13,847,880","$21,278,520"
"Bilal Coulibaly","SF","WAS
                 WAS","18","2023","2026","4","$30,075,132","$7,518,783","$13,559,520","$20,835,120"
"Derrick Jones Jr.","SF","LAC
                 LAC","27","2024","2026","3","$30,000,000","$10,000,000","$19,523,810","$30,000,000"
"Payton Pritchard","PG","BOS
                 BOS","25","2024","2027","4","$30,000,000","$7,500,000","$13,928,572","$21,696,429"
"Brayden Burries","SG","MIL
                 MIL","20","2026","2029","4","$29,213,494","$7,303,374","$13,155,360","$20,213,880"
"Caris LeVert","SG","MIL
                 MIL","30","2025","2026","2","$28,913,200","$14,456,600","$28,913,200","$28,913,200"
"Collin Murray-Boyles","PF","TOR
                 TOR","20","2025","2028","4","$28,822,764","$7,205,691","$12,982,080","$19,948,080"
"Yaxel Lendeborg","PF","GSW
                 GSW","23","2026","2029","4","$28,102,848","$7,025,712","$12,497,520","$19,203,720"
"Rui Hachimura","PF","LAC
                 LAC","28","2026","2027","2","$28,000,000","$14,000,000","$28,000,000","$28,000,000"
"Draymond Green","PF","GSW
                 GSW","36","2026","2026","1","$27,678,571","$27,678,571","$27,678,571","$27,678,571"
"Ty Jerome","SG","MEM
                 MEM","28","2025","2027","3","$27,660,150","$9,220,050","$18,001,050","$27,660,150"
"Jarace Walker","PF","IND
                 IND","19","2023","2026","4","$27,566,102","$6,891,526","$12,422,040","$19,087,560"
"Khaman Maluach","C","PHX
                 PHX","18","2025","2028","4","$27,386,800","$6,846,700","$12,332,760","$18,949,920"
"Aday Mara","C","OKC
                 OKC","21","2026","2029","4","$27,023,779","$6,755,945","$11,873,160","$18,244,320"
"Kevin Huerter","SG","DET
                 DET","27","2026","2028","3","$27,000,000","$9,000,000","$18,253,521","$27,000,000"
"Jalen Smith","PF","CHI
                 CHI","24","2024","2026","3","$27,000,000","$9,000,000","$17,571,429","$27,000,000"
"Naji Marshall","SF","DAL
                 DAL","26","2024","2026","3","$27,000,000","$9,000,000","$17,571,429","$27,000,000"
"Cedric Coward","SG","MEM
                 MEM","21","2025","2028","4","$26,345,863","$6,586,466","$11,716,200","$18,003,120"
"Kelly Olynyk","PF","SAS
                 SAS","32","2024","2025","2","$26,250,000","$13,125,000","$18,302,145","$18,302,145"
"Zach Edey","C","MEM
                 MEM","22","2024","2027","4","$26,202,577","$6,550,644","$11,801,880","$18,134,640"
"Quinten Post","C","MEM
                 MEM","26","2026","2028","3","$26,100,000","$8,700,000","$17,550,000","$26,100,000"
"Nate Ament","PF","MIL
                 MIL","19","2026","2029","4","$25,980,074","$6,495,019","$11,279,280","$17,331,480"
"Taylor Hendricks","PF","MEM
                 MEM","19","2023","2026","4","$25,351,580","$6,337,895","$11,418,600","$17,545,680"
"Noa Essengue","PF","CHI
                 CHI","18","2025","2028","4","$25,333,944","$6,333,486","$11,130,720","$17,103,480"
"Goga Bitadze","C","ORL
                 ORL","24","2024","2026","3","$25,000,000","$8,333,333","$17,391,304","$25,000,000"
"Hannes Steinbach","PF","CHA
                 CHA","20","2026","2029","4","$24,981,907","$6,245,477","$10,715,760","$16,465,920"
"Cody Williams","SG","MIN
                 MIN","19","2024","2027","4","$24,897,090","$6,224,273","$11,211,600","$17,227,200"
"Derik Queen","C","NOP
                 NOP","20","2025","2028","4","$24,355,798","$6,088,950","$10,574,040","$16,247,880"
"Cason Wallace","PG","OKC
                 OKC","19","2023","2026","4","$24,088,326","$6,022,082","$10,847,280","$16,667,520"
"Dailyn Swain","SF","CHI
                 CHI","20","2026","2029","4","$24,014,284","$6,003,571","$10,179,240","$15,641,160"
"Tre Mann","PG","CHA
                 CHA","24","2025","2027","3","$24,000,000","$8,000,000","$16,000,000","$24,000,000"
"Tre Jones","PG","CHI
                 CHI","25","2025","2027","3","$24,000,000","$8,000,000","$16,000,000","$24,000,000"
"Jaylin Williams","C","OKC
                 OKC","23","2025","2027","3","$24,000,000","$8,000,000","$16,225,352","$24,000,000"
"Davion Mitchell","PG","MIA
                 MIA","26","2025","2026","2","$24,000,000","$12,000,000","$24,000,000","$24,000,000"
"Landry Shamet","SG","NYK
                 NYK","29","2026","2029","4","$23,978,467","$5,994,617","$11,228,467","$17,390,967"
"Matas Buzelis","SF","CHI
                 CHI","19","2024","2027","4","$23,950,723","$5,987,681","$10,651,080","$16,366,440"
"Carter Bryant","PF","SAS
                 SAS","19","2025","2028","4","$23,419,859","$5,854,965","$10,045,680","$15,436,320"
"Nikola Topic","PG","OKC
                 OKC","18","2024","2027","4","$23,030,850","$5,757,713","$10,118,880","$15,548,640"
"Bennett Stirtz","PG","OKC
                 OKC","22","2026","2029","4","$22,820,500","$5,705,125","$9,670,560","$14,859,960"
"Thomas Sorber","C","OKC
                 OKC","19","2025","2028","4","$22,512,733","$5,628,183","$9,542,760","$14,663,160"
"Dereck Lively II","C","DAL
                 DAL","19","2023","2026","4","$22,282,691","$5,570,673","$9,790,200","$15,043,560"
"Jusuf Nurkic","C","UTA
                 UTA","31","2026","2027","2","$22,000,000","$11,000,000","$22,000,000","$22,000,000"
"Terance Mann","SG","BKN
                 BKN","24","2023","2024","2","$22,000,000","$11,000,000","$14,909,814","$14,909,814"
"Ebuka Okorie","PG","DET
                 DET","19","2026","2029","4","$21,687,577","$5,421,894","$9,186,720","$14,116,080"
"Gradey Dick","SG","LAC
                 LAC","19","2023","2026","4","$21,422,551","$5,355,638","$9,300,480","$14,291,040"
"Yang Hansen","C","POR
                 POR","20","2025","2028","4","$21,393,588","$5,348,397","$9,065,880","$13,930,800"
"Bub Carrington","PG","WAS
                 WAS","18","2024","2027","4","$21,290,770","$5,322,693","$9,132,480","$14,033,040"
"Clint Capela","C","HOU
                 HOU","31","2025","2027","3","$21,105,000","$7,035,000","$13,735,000","$21,105,000"
"C.J. McCollum","SG","ATL
                 ATL","34","2026","2026","1","$21,000,000","$21,000,000","$21,000,000","$21,000,000"
"Isaiah Jackson","PF","LAC
                 LAC","23","2025","2027","3","$21,000,000","$7,000,000","$9,882,759","$16,282,759"
"Jae’Sean Tate","SF","HOU
                 HOU","26","2022","2024","3","$20,630,434","$6,876,811","$14,065,217","$21,130,434"
"Christian Anderson","PG","CHA
                 CHA","20","2026","2029","4","$20,613,239","$5,153,310","$8,727,480","$13,410,600"
"Jordan Hawkins","SG","MEM
                 MEM","21","2023","2026","4","$20,599,055","$5,149,764","$8,835,840","$13,577,160"
"Kel'el Ware","C","MIL
                 MIL","20","2024","2027","4","$20,466,072","$5,116,518","$8,675,160","$13,330,080"
"Joan Beringer","C","MIN
                 MIN","18","2025","2028","4","$20,331,643","$5,082,911","$8,612,280","$13,233,480"
"Day'Ron Sharpe","C","BKN
                 BKN","24","2026","2027","2","$20,000,000","$10,000,000","$20,000,000","$20,000,000"
"Allen Graves","PF","TOR
                 TOR","19","2026","2029","4","$19,695,106","$4,923,777","$8,334,600","$12,807,240"
"Jared McCain","PG","OKC
                 OKC","20","2024","2027","4","$19,448,588","$4,862,147","$5,670,087","$10,092,687"
"Walter Clayton Jr.","PG","MEM
                 MEM","22","2025","2028","4","$19,324,472","$4,831,118","$5,750,346","$10,140,666"
"Collin Sexton","PG","LAL
                 LAL","27","2026","2027","2","$19,200,300","$9,600,150","$19,200,300","$19,200,300"
"Jordan Goodwin","PG","PHX
                 PHX","27","2026","2029","3","$19,000,000","$6,333,333","$12,197,531","$19,000,000"
"Saddiq Bey","SF","NOP
                 NOP","25","2024","2026","3","$19,000,000","$6,333,333","$12,670,433","$19,111,111"
"Jayden Quaintance","C","SAS
                 SAS","18","2026","2029","4","$18,913,141","$4,728,285","$8,000,640","$12,293,520"
"Keyonte George","SG","UTA
                 UTA","19","2023","2026","4","$18,816,885","$4,704,221","$7,974,000","$12,252,960"
"Dalton Knecht","SF","LAL
                 LAL","23","2024","2027","4","$18,483,220","$4,620,805","$7,829,280","$12,030,360"
"Nolan Traore","PG","BKN
                 BKN","19","2025","2028","4","$18,463,882","$4,615,971","$7,813,560","$12,006,600"
"Moritz Wagner","C","BKN
                 BKN","29","2026","2027","2","$18,450,000","$9,225,000","$18,450,000","$18,450,000"
"Karim Lopez","PF","MEM
                 MEM","19","2026","2029","4","$18,368,804","$4,592,201","$7,681,080","$11,802,840"
"Keon Ellis","SF","BKN
                 BKN","26","2026","2027","2","$18,000,000","$9,000,000","$18,000,000","$18,000,000"
"Jaden Hardy","SG","LAL
                 LAL","22","2025","2027","3","$18,000,000","$6,000,000","$8,344,828","$14,344,828"
"Brook Lopez","C","LAC
                 LAC","37","2025","2026","2","$17,937,500","$8,968,750","$17,937,500","$17,937,500"
"Labaron Philon Jr.","PG","PHI
                 PHI","20","2026","2029","4","$17,839,511","$4,459,878","$7,373,880","$11,330,640"
"Kasparas Jakucionis","PG","MIL
                 MIL","19","2025","2028","4","$17,730,607","$4,432,652","$7,500,480","$11,524,920"
"Khris Middleton","SF","WAS
                 WAS","34","2026","2028","3","$17,612,034","$5,870,678","$11,461,800","$17,612,034"
"Tristan Da Silva","SF","ORL
                 ORL","23","2024","2027","4","$17,567,626","$4,391,907","$7,437,960","$11,429,160"
"Zuby Ejiofor","C","ATL
                 ATL","22","2026","2029","4","$17,323,698","$4,330,925","$7,079,520","$10,877,880"
"Ousmane Dieng","SF","MIL
                 MIL","23","2026","2028","3","$17,250,000","$5,750,000","$11,500,000","$17,250,000"
"Will Riley","SF","WAS
                 WAS","19","2025","2028","4","$17,220,192","$4,305,048","$7,200,840","$11,064,840"
"Zach Collins","C","CHI
                 CHI","28","2026","2027","2","$17,000,000","$8,500,000","$17,000,000","$17,000,000"
"Jaime Jaquez Jr.","SF","MIL
                 MIL","22","2023","2026","4","$16,997,141","$4,249,285","$7,196,400","$11,058,000"
"Cameron Carr","SG","LAL
                 LAL","21","2026","2029","4","$16,821,493","$4,205,373","$6,796,440","$10,443,240"
"Ja'Kobe Walter","SG","TOR
                 TOR","19","2024","2027","4","$16,785,132","$4,196,283","$7,103,160","$10,914,960"
"Drake Powell","SF","BKN
                 BKN","19","2025","2028","4","$16,723,992","$4,180,998","$6,912,840","$10,622,160"
"Kelly Oubre Jr.","SF","IND
                 IND","30","2026","2027","2","$16,500,000","$8,250,000","$16,500,000","$16,500,000"
"Sergio de Larrea","SG","DAL
                 DAL","20","2026","2029","4","$16,329,526","$4,082,382","$6,523,560","$10,024,440"
"Kris Dunn","PG","LAC
                 LAC","30","2024","2026","3","$16,279,200","$5,426,400","$10,594,400","$16,279,200"
"Asa Newell","PF","ATL
                 ATL","19","2025","2028","4","$16,240,654","$4,060,164","$6,636,960","$10,197,840"
"Brandin Podziemski","SG","GSW
                 GSW","20","2023","2026","4","$16,239,819","$4,059,955","$6,872,400","$6,872,400"
"Deandre Ayton","C","WAS
                 WAS","26","2025","2026","2","$16,208,000","$8,104,000","$16,208,000","$16,208,000"
"Jaylon Tyson","SG","CLE
                 CLE","21","2024","2027","4","$16,118,700","$4,029,675","$6,818,640","$10,477,200"
"Tarris Reed Jr.","C","SAS
                 SAS","22","2026","2029","4","$15,794,138","$3,948,535","$6,307,440","$9,691,920"
"Nique Clifford","SF","SAC
                 SAC","23","2025","2028","4","$15,769,801","$3,942,450","$6,371,520","$9,790,320"
"Yves Missi","C","NOP
                 NOP","20","2024","2027","4","$15,654,827","$3,913,707","$6,546,240","$10,059,000"
"Alperen Sengun","C","HOU
                 HOU","19","2021","2024","4","$15,550,974","$3,887,744","$6,590,040","$10,126,320"
"Bennedict Mathurin","SG","NOP
                 NOP","24","2026","2027","2","$15,375,000","$7,687,500","$15,375,000","$15,375,000"
"Chris Cenac Jr.","PF","BOS
                 BOS","19","2026","2029","4","$15,343,630","$3,835,908","$6,125,760","$9,413,160"
"Jase Richardson","SG","ORL
                 ORL","19","2025","2028","4","$15,308,562","$3,827,141","$6,115,680","$9,397,680"
"Jordan Miller","SF","LAC
                 LAC","26","2026","2028","3","$15,300,000","$5,100,000","$10,300,000","$15,300,000"
"Joshua Jefferson","PF","BKN
                 BKN","22","2026","2029","4","$15,251,678","$3,812,920","$6,088,080","$9,354,960"
"DaRon Holmes II","PF","DEN
                 DEN","21","2024","2027","4","$15,203,658","$3,800,915","$6,284,400","$9,656,520"
"Noah Clowney","PF","BKN
                 BKN","18","2023","2026","4","$15,146,274","$3,786,569","$6,333,600","$9,732,240"
"Sviatoslav Mykhailiuk","SG","UTA
                 UTA","27","2024","2027","4","$15,050,000","$3,762,500","$7,175,000","$11,025,000"
"Jordan Walsh","SF","BOS
                 BOS","22","2027","2029","3","$15,000,000","$5,000,000","$10,250,000","$15,750,000"
"Gui Santos","SF","GSW
                 GSW","23","2026","2028","3","$15,000,000","$5,000,000","$9,629,630","$15,000,000"
"Ben Saraf","PG","BKN
                 BKN","19","2025","2028","4","$14,806,816","$3,701,704","$5,913,120","$9,086,040"
"AJ Johnson","PG","NOP
                 NOP","19","2024","2027","4","$14,616,288","$3,654,072","$2,268,058","$5,505,178"
"Jose Alvarado","PG","NYK
                 NYK","28","2026","2028","3","$14,384,484","$4,794,828","$9,234,484","$14,384,484"
"Danny Wolf","PF","BKN
                 BKN","21","2025","2028","4","$14,384,200","$3,596,050","$5,742,720","$8,824,560"
"Kyshawn George","SG","WAS
                 WAS","20","2024","2027","4","$14,336,172","$3,584,043","$5,792,280","$8,900,280"
"Hugo Gonzalez","SF","BOS
                 BOS","19","2025","2028","4","$14,298,145","$3,574,536","$5,707,440","$8,770,080"
"Kris Murray","PF","MEM
                 MEM","22","2023","2026","4","$14,284,524","$3,571,131","$5,837,520","$8,969,520"
"Liam McNeeley","SF","CHA
                 CHA","19","2025","2028","4","$14,194,138","$3,548,535","$5,666,040","$8,706,360"
"Jock Landale","C","ATL
                 ATL","30","2026","2026","1","$14,100,000","$14,100,000","$14,100,000","$14,100,000"
"Yanic Konan Niederhauser","F","LAC
                 LAC","22","2025","2028","4","$14,091,596","$3,522,899","$5,624,760","$8,643,240"
"Al Horford","C","GSW
                 GSW","40","2026","2027","2","$13,985,100","$6,992,550","$13,985,100","$13,985,100"
"Ron Harper Jr.","SG","BOS
                 BOS","26","2026","2029","4","$13,704,229","$3,426,057","$6,459,042","$9,924,870"
"Marcus Sasser","PG","DAL
                 DAL","22","2023","2026","4","$13,464,823","$3,366,206","$5,379,120","$8,265,840"
"Bradley Beal","SG","LAC
                 LAC","33","2026","2027","2","$13,170,840","$6,585,420","$13,170,840","$13,170,840"
"Terrence Shannon Jr.","SG","MIN
                 MIN","23","2024","2027","4","$13,076,519","$3,269,130","$5,220,720","$8,022,360"
"Ben Sheppard","SF","IND
                 IND","21","2023","2026","4","$13,023,429","$3,255,857","$5,201,040","$7,991,760"
"Pacome Dadiet","SG","NYK
                 NYK","18","2024","2027","4","$13,012,968","$3,253,242","$4,655,680","$7,639,360"
"Miles McBride","PG","NYK
                 NYK","23","2024","2026","3","$13,000,000","$4,333,333","$9,043,477","$13,000,000"
"Ryan Dunn","SF","PHX
                 PHX","21","2024","2027","4","$12,998,353","$3,249,588","$5,188,560","$7,972,800"
"Isaiah Collier","PG","UTA
                 UTA","19","2024","2027","4","$12,903,788","$3,225,947","$5,150,880","$7,914,840"
"Baylor Scheierman","SG","BOS
                 BOS","23","2024","2027","4","$12,810,353","$3,202,588","$5,113,320","$7,857,360"
"Brice Sensabaugh","SF","UTA
                 UTA","19","2023","2026","4","$12,576,077","$3,144,019","$5,020,080","$7,713,840"
"Julian Strawther","SF","DEN
                 DEN","21","2023","2026","4","$12,484,731","$3,121,183","$4,983,600","$7,657,800"
"Jonathan Kuminga","PF","MIN
                 MIN","23","2026","2027","2","$12,431,200","$6,215,600","$12,431,200","$12,431,200"
"De'Anthony Melton","SG","GSW
                 GSW","28","2026","2027","2","$12,431,200","$6,215,600","$12,431,200","$12,431,200"
"Marcus Smart","PG","HOU
                 HOU","32","2026","2027","2","$12,431,200","$6,215,600","$12,431,200","$12,431,200"
"Luke Kennard","SG","LAL
                 LAL","30","2026","2027","2","$12,431,200","$6,215,600","$12,431,200","$12,431,200"
"Anfernee Simons","SG","PHI
                 PHI","27","2026","2027","2","$12,247,178","$6,123,589","$12,300,000","$12,300,000"
"Tyrese Maxey","PG","PHI
                 PHI","20","2020","2023","4","$12,152,560","$3,038,140","$5,081,760","$7,808,640"
"Josh Okogie","SG","UTA
                 UTA","27","2026","2027","2","$12,000,000","$6,000,000","$12,000,000","$12,000,000"
"Jaxson Hayes","C","UTA
                 UTA","26","2026","2027","2","$12,000,000","$6,000,000","$12,000,000","$12,000,000"
"Ryan Rollins","SG","MIL
                 MIL","23","2025","2027","3","$12,000,000","$4,000,000","$8,000,000","$12,000,000"
"Jake LaRavia","PF","LAL
                 LAL","23","2025","2026","2","$12,000,000","$6,000,000","$12,000,000","$12,000,000"
"Kyle Filipowski","PF","UTA
                 UTA","20","2024","2027","4","$12,000,000","$3,000,000","$6,000,000","$9,000,000"
"Spencer Jones","SF","DEN
                 DEN","25","2026","2027","2","$11,750,000","$5,875,000","$11,750,000","$11,750,000"
"Kobe Sanders","G","LAC
                 LAC","24","2026","2029","4","$11,279,212","$2,819,803","$5,375,385","$8,259,738"
"Mohamed Diawara","PF","NYK
                 NYK","21","2026","2029","4","$11,278,738","$2,819,685","$5,375,385","$8,259,738"
"Isaiah Crawford","G","HOU
                 HOU","24","2026","2029","4","$11,274,781","$2,818,695","$5,113,822","$8,002,015"
"Precious Achiuwa","PF","SAC
                 SAC","26","2026","2027","2","$11,227,850","$5,613,925","$11,227,850","$11,227,850"
"Paul Reed","C","DET
                 DET","26","2025","2026","2","$10,938,583","$5,469,292","$10,938,583","$10,938,583"
"Kevin Porter Jr.","PG","MIL
                 MIL","25","2025","2026","2","$10,524,700","$5,262,350","$10,524,700","$10,524,700"
"Cam Spencer","SG","MEM
                 MEM","25","2025","2028","4","$10,396,518","$2,599,130","$4,949,079","$7,565,833"
"Kendrick Nunn","PG","WAS
                 WAS","26","2021","2022","2","$10,250,000","$5,125,000","$7,293,103","$7,293,103"
"Vit Krejci","PG","POR
                 POR","24","2024","2027","4","$10,185,213","$2,546,303","$3,121,342","$5,789,286"
"Jay Huff","C","IND
                 IND","26","2024","2027","4","$10,110,640","$2,527,660","$4,437,611","$7,105,555"
"Jaylen Clark","SG","MIN
                 MIN","24","2026","2028","3","$10,000,000","$3,333,333","$6,419,754","$10,000,000"
"Ryan Kalkbrenner","C","CHA
                 CHA","23","2025","2028","4","$9,968,963","$2,492,241","$4,707,364","$7,233,265"
"Sion James","SF","CHA
                 CHA","22","2025","2028","4","$9,968,963","$2,492,241","$4,707,364","$7,233,265"
"Justin Champagnie","SF","WAS
                 WAS","23","2024","2027","4","$9,822,607","$2,455,652","$4,149,578","$6,817,522"
"Baba Miller","C","LAC
                 LAC","22","2026","2029","4","$9,612,515","$2,403,129","$4,000,000","$6,694,363"
"Scotty Pippen Jr.","PG","MEM
                 MEM","23","2024","2027","4","$9,608,931","$2,402,233","$4,358,254","$6,819,716"
"Jaden Bradley","SG","TOR
                 TOR","23","2026","2029","4","$9,264,648","$2,316,162","$3,652,133","$6,346,496"
"Khalifa Diop","C","CLE
                 CLE","24","2026","2029","4","$9,264,648","$2,316,162","$3,652,133","$6,346,496"
"Isaiah Evans","SG","MIN
                 MIN","20","2026","2029","4","$9,264,648","$2,316,162","$3,652,133","$6,346,496"
"Trevon Brazile","PF","DEN
                 DEN","23","2026","2029","4","$9,264,648","$2,316,162","$3,652,133","$6,346,496"
"Bruce Thornton","PG","HOU
                 HOU","22","2026","2029","4","$9,264,648","$2,316,162","$3,652,133","$6,346,496"
"Henri Veesaar","C","ATL
                 ATL","22","2026","2029","4","$9,264,648","$2,316,162","$3,652,133","$6,346,496"
"Bogoljub Marković","PF","MIL
                 MIL","20","2026","2029","4","$9,264,648","$2,316,162","$3,652,133","$6,346,496"
"Meleek Thomas","SG","CLE
                 CLE","19","2026","2029","4","$9,264,648","$2,316,162","$3,652,133","$6,346,496"
"Tyler Kolek","PG","NYK
                 NYK","23","2024","2027","4","$9,062,682","$2,265,671","$4,279,416","$6,575,687"
"Josh Minott","SF","BKN
                 BKN","23","2026","2027","2","$9,000,000","$4,500,000","$9,000,000","$9,000,000"
"Tristan Vukcevic","C","WAS
                 WAS","22","2025","2027","3","$8,857,143","$2,952,381","$5,857,143","$8,857,143"
"Ajay Mitchell","PG","OKC
                 OKC","23","2025","2027","3","$8,700,000","$2,900,000","$5,850,000","$8,700,000"
"Noah Penda","SF","ORL
                 ORL","20","2025","2028","4","$8,685,387","$2,171,347","$3,423,787","$5,949,688"
"Tyrese Proctor","SG","CLE
                 CLE","21","2025","2028","4","$8,685,387","$2,171,347","$3,423,787","$5,949,688"
"Will Richard","G","GSW
                 GSW","22","2025","2028","4","$8,685,386","$2,171,347","$3,423,787","$5,949,688"
"Rasheer Fleming","PF","PHX
                 PHX","20","2025","2028","4","$8,685,386","$2,171,347","$3,423,787","$5,949,688"
"Chaz Lanier","SG","DET
                 DET","23","2025","2028","4","$8,685,386","$2,171,347","$3,423,787","$5,949,688"
"Micah Peavy","SG","MEM
                 MEM","23","2025","2028","4","$8,685,386","$2,171,347","$3,423,787","$5,949,688"
"Johnny Furphy","SG","IND
                 IND","19","2024","2027","4","$8,589,485","$2,147,371","$3,806,219","$6,102,490"
"Andrew Nembhard","PG","IND
                 IND","22","2022","2025","4","$8,583,166","$2,145,792","$4,376,016","$6,395,715"
"G.G. Jackson","PF","MEM
                 MEM","19","2023","2026","4","$8,511,167","$2,127,792","$3,883,285","$6,104,962"
"Leonard Miller","SF","CHI
                 CHI","19","2023","2026","4","$8,319,739","$2,079,935","$3,691,857","$4,534,562"
"Dylan Cardwell","PF","SAC
                 SAC","24","2025","2028","4","$8,283,516","$2,070,879","$3,021,917","$5,547,818"
"Craig Porter Jr.","G","CLE
                 CLE","23","2023","2026","4","$8,019,739","$2,004,935","$3,391,857","$5,613,534"
"Harrison Barnes","PF","SAS
                 SAS","34","2026","2026","1","$8,000,000","$8,000,000","$8,000,000","$8,000,000"
"Kevin Love","C","UTA
                 UTA","35","2024","2025","2","$8,000,000","$4,000,000","$8,000,000","$8,000,000"
"George Hill","PG","IND
                 IND","35","2021","2022","2","$8,000,000","$4,000,000","$5,356,322","$5,356,322"
"LeBron James","PF","PHI
                 PHI","41","2026","2027","2","$7,946,884","$3,973,442","$7,946,884","$7,946,884"
"DeAndre Jordan","C","NOP
                 NOP","37","2026","2027","2","$7,946,884","$3,973,442","$7,946,884","$7,946,884"
"Dru Smith","SG","MIA
                 MIA","27","2025","2027","3","$7,898,151","$2,632,717","$4,963,409","$7,898,151"
"Adem Bona","C","PHI
                 PHI","21","2024","2027","4","$7,895,796","$1,973,949","$3,112,530","$5,408,801"
"Jaylen Wells","SG","MEM
                 MEM","20","2024","2027","4","$7,895,796","$1,973,949","$3,112,530","$5,408,801"
"Cameron Christie","SG","LAC
                 LAC","18","2024","2027","4","$7,895,796","$1,973,949","$3,112,530","$5,408,801"
"Oso Ighodaro","C","PHX
                 PHX","21","2024","2027","4","$7,895,796","$1,973,949","$3,112,530","$5,408,801"
"Bronny James","PG","LAL
                 LAL","19","2024","2027","4","$7,895,796","$1,973,949","$3,112,530","$5,408,801"
"Daniss Jenkins","G","DET
                 DET","24","2025","2026","2","$7,809,524","$3,904,762","$7,809,524","$7,809,524"
"Jordan Walsh","SF","BOS
                 BOS","19","2023","2026","4","$7,639,303","$1,909,826","$3,011,420","$5,233,097"
"Trayce Jackson-Davis","PF","TOR
                 TOR","23","2023","2026","4","$7,639,302","$1,909,826","$3,011,420","$3,854,125"
"Mouhamed Gueye","PF","ATL
                 ATL","20","2023","2026","4","$7,639,302","$1,909,826","$3,011,420","$5,233,097"
"Mohamed Bamba","C","UTA
                 UTA","28","2026","2027","2","$7,206,979","$3,603,490","$7,206,979","$7,206,979"
"Neemias Queta","C","BOS
                 BOS","24","2024","2026","3","$7,180,128","$2,393,376","$4,512,184","$7,180,128"
"Taurean Prince","PF","DET
                 DET","31","2025","2026","2","$7,119,635","$3,559,818","$7,119,635","$7,119,635"
"Justin Edwards","SG","PHI
                 PHI","21","2025","2027","3","$7,076,338","$2,358,779","$4,459,584","$7,076,338"
"Dominick Barlow","PF","PHI
                 PHI","22","2025","2026","2","$6,830,000","$3,415,000","$6,830,000","$6,830,000"
"Emanuel Sharp","PG","SAC
                 SAC","22","2026","2028","3","$6,346,496","$2,115,499","$3,652,133","$6,346,496"
"Ryan Conwell","SG","MIA
                 MIA","22","2026","2028","3","$6,346,496","$2,115,499","$3,652,133","$6,346,496"
"AJ Green","SG","MIL
                 MIL","23","2023","2025","3","$6,324,049","$2,108,016","$4,022,462","$6,324,049"
"Bryce McGowens","SG","NOP
                 NOP","23","2025","2027","3","$6,243,879","$2,081,293","$3,309,137","$6,243,879"
"Quenton Jackson","G","IND
                 IND","27","2025","2027","3","$6,120,834","$2,040,278","$3,186,092","$6,120,834"
"Jamal Shead","PG","TOR
                 TOR","21","2024","2026","3","$6,113,913","$2,037,971","$3,817,642","$6,113,913"
"Tim Hardaway Jr.","SG","MIA
                 MIA","34","2026","2026","1","$6,065,000","$6,065,000","$6,065,000","$6,065,000"
"Tarik Biberovic","PF","DAL
                 DAL","25","2026","2027","2","$6,000,000","$3,000,000","$6,000,000","$6,000,000"
"Malik Beasley","SG","DET
                 DET","27","2024","2024","1","$6,000,000","$6,000,000","$6,000,000","$6,000,000"
"Maxime Raynaud","C","SAC
                 SAC","22","2025","2027","3","$5,949,689","$1,983,230","$3,423,788","$5,949,689"
"Adou Thiero","SF","LAL
                 LAL","21","2025","2027","3","$5,949,688","$1,983,229","$3,423,787","$5,949,688"
"Moussa Diabate","PF","CHA
                 CHA","23","2024","2026","3","$5,689,960","$1,896,653","$3,228,498","$5,689,960"
"Sam Hauser","SF","BOS
                 BOS","24","2022","2024","3","$5,658,206","$1,886,069","$3,565,862","$5,658,206"
"Myron Gardner","G","MIA
                 MIA","24","2025","2027","3","$5,505,469","$1,835,156","$2,979,568","$5,505,469"
"Karlo Matkovic","PF","NOP
                 NOP","23","2024","2026","3","$5,408,801","$1,802,934","$3,112,530","$5,408,801"
"Pelle Larsson","SG","MIA
                 MIA","23","2024","2026","3","$5,408,801","$1,802,934","$3,112,530","$5,408,801"
"Pete Nance","PF","MIL
                 MIL","26","2026","2027","2","$5,294,438","$2,647,219","$5,294,438","$5,294,438"
"Jericho Sims","C","MIL
                 MIL","26","2025","2026","2","$5,262,809","$2,631,405","$5,262,809","$5,262,809"
"Luka Garza","C","BOS
                 BOS","26","2025","2026","2","$5,262,809","$2,631,405","$5,262,809","$5,262,809"
"Jamison Battle","SF","TOR
                 TOR","23","2024","2026","3","$5,251,648","$1,750,549","$2,955,377","$5,251,648"
"Pat Connaughton","SG","CHA
                 CHA","33","2025","2026","2","$5,131,675","$2,565,838","$5,131,675","$5,131,675"
"Daeqwon Plowden","G","SAC
                 SAC","27","2026","2027","2","$5,113,822","$2,556,911","$5,113,822","$5,113,822"
"Kenrich Williams","PF","OKC
                 OKC","31","2026","2026","1","$5,000,000","$5,000,000","$5,000,000","$5,000,000"
"Xavier Tillman","C","CHA
                 CHA","25","2024","2025","2","$4,784,366","$2,392,183","$3,203,671","$3,203,671"
"Alijah Martin","SG","TOR
                 TOR","24","2026","2027","2","$4,757,011","$2,378,506","$4,757,011","$4,757,011"
"Moussa Cisse","F","DAL
                 DAL","23","2026","2027","2","$4,756,989","$2,378,495","$2,571,895","$2,571,895"
"Micah Potter","C","POR
                 POR","27","2025","2026","2","$4,329,151","$2,164,576","$4,329,151","$4,329,151"
"Javonte Green","SG","DET
                 DET","32","2026","2026","1","$3,943,679","$3,943,679","$3,943,679","$3,943,679"
"Dwight Powell","C","DAL
                 DAL","35","2026","2026","1","$3,876,529","$3,876,529","$3,876,529","$3,876,529"
"James Johnson","PF","IND
                 IND","39","2026","2026","1","$3,876,529","$3,876,529","$3,876,529","$3,876,529"
"DeMar DeRozan","SF","DEN
                 DEN","37","2026","2026","1","$3,876,529","$3,876,529","$3,876,529","$3,876,529"
"Kentavious Caldwell-Pope","SG","PHI
                 PHI","33","2026","2026","1","$3,876,529","$3,876,529","$3,876,529","$3,876,529"
"Gary Payton II","PG","GSW
                 GSW","33","2026","2026","1","$3,876,529","$3,876,529","$3,876,529","$3,876,529"
"Jordan Clarkson","SG","NYK
                 NYK","34","2026","2026","1","$3,876,529","$3,876,529","$3,876,529","$3,876,529"
"Larry Nance Jr.","PF","IND
                 IND","33","2026","2026","1","$3,876,529","$3,876,529","$3,876,529","$3,876,529"
"Kevon Looney","C","LAL
                 LAL","30","2026","2026","1","$3,876,529","$3,876,529","$3,876,529","$3,876,529"
"Tyus Jones","PG","DEN
                 DEN","30","2026","2026","1","$3,876,529","$3,876,529","$3,876,529","$3,876,529"
"Andre Drummond","C","NYK
                 NYK","32","2026","2026","1","$3,876,529","$3,876,529","$3,876,529","$3,876,529"
"Trey Lyles","PF","MIN
                 MIN","30","2026","2026","1","$3,876,529","$3,876,529","$3,876,529","$3,876,529"
"Kyle Anderson","PF","TOR
                 TOR","32","2026","2026","1","$3,876,529","$3,876,529","$3,876,529","$3,876,529"
"Nikola Vucevic","C","ORL
                 ORL","35","2026","2026","1","$3,876,529","$3,876,529","$3,876,529","$3,876,529"
"Mike Conley","PG","BOS
                 BOS","38","2026","2026","1","$3,876,529","$3,876,529","$3,876,529","$3,876,529"
"Bismack Biyombo","C","SAS
                 SAS","33","2025","2025","1","$3,634,153","$3,634,153","$3,634,153","$3,634,153"
"Doug McDermott","SF","SAC
                 SAC","33","2025","2025","1","$3,634,153","$3,634,153","$3,634,153","$3,634,153"
"Jeff Green","PF","HOU
                 HOU","38","2025","2025","1","$3,634,153","$3,634,153","$3,634,153","$3,634,153"
"Joe Ingles","SF","MIN
                 MIN","37","2025","2025","1","$3,634,153","$3,634,153","$3,634,153","$3,634,153"
"Thomas Bryant","C","CLE
                 CLE","28","2026","2026","1","$3,524,948","$3,524,948","$3,524,115","$3,524,115"
"Elfrid Payton","PG","SAC
                 SAC","32","2026","2026","1","$3,524,115","$3,524,115","$3,524,115","$3,524,115"
"Ben Simmons","PG","SAC
                 SAC","30","2026","2026","1","$3,524,115","$3,524,115","$3,524,115","$3,524,115"
"Jonathan Isaac","PF","ORL
                 ORL","28","2026","2026","1","$3,524,115","$3,524,115","$3,524,115","$3,524,115"
"Bogdan Bogdanovic","SG","HOU
                 HOU","33","2026","2026","1","$3,524,115","$3,524,115","$3,524,115","$3,524,115"
"Drew Eubanks","C","NYK
                 NYK","29","2026","2026","1","$3,506,659","$3,506,659","$3,506,659","$3,506,659"
"Bruce Brown Jr.","SG","NYK
                 NYK","30","2026","2026","1","$3,506,659","$3,506,659","$3,506,659","$3,506,659"
"Marvin Bagley III","PF","DEN
                 DEN","27","2026","2026","1","$3,506,659","$3,506,659","$3,506,659","$3,506,659"
"Jevon Carter","PG","ORL
                 ORL","30","2026","2026","1","$3,506,659","$3,506,659","$3,506,659","$3,506,659"
"Ariel Hukporti","C","PHI
                 PHI","24","2026","2026","1","$3,400,000","$3,400,000","$3,400,000","$3,400,000"
"Jabari Walker","SF","PHI
                 PHI","23","2025","2026","2","$3,309,137","$1,654,569","$3,309,137","$3,309,137"
"Tristan Thompson","C","CLE
                 CLE","33","2024","2024","1","$3,303,771","$3,303,771","$3,303,771","$3,303,771"
"Patty Mills","PG","LAC
                 LAC","36","2024","2024","1","$3,303,771","$3,303,771","$1,348,090","$1,348,090"
"Kevin Knox","SF","ORL
                 ORL","27","2026","2026","1","$3,286,399","$3,286,399","$3,286,399","$3,286,399"
"John Konchar","SG","NYK
                 NYK","30","2026","2026","1","$3,286,399","$3,286,399","$3,286,399","$3,286,399"
"Lonnie Walker IV","SG","DEN
                 DEN","27","2026","2026","1","$3,286,399","$3,286,399","$3,286,399","$3,286,399"
"Jordan McLaughlin","PG","SAS
                 SAS","30","2026","2026","1","$3,286,399","$3,286,399","$3,286,399","$3,286,399"
"Matisse Thybulle","SG","LAL
                 LAL","29","2026","2026","1","$3,286,399","$3,286,399","$3,286,399","$3,286,399"
"Justin Holiday","SG","DEN
                 DEN","34","2023","2023","1","$3,196,448","$3,196,448","$3,196,448","$3,196,448"
"Sidy Cissoko","SG","POR
                 POR","21","2025","2026","2","$3,184,055","$1,592,028","$3,184,055","$3,184,055"
"Jamaree Bouyea","PG","PHX
                 PHX","26","2025","2026","2","$3,158,749","$1,579,375","$3,158,749","$3,158,749"
"Nae'qwan Tomlin","F","CLE
                 CLE","25","2025","2026","2","$3,129,240","$1,564,620","$3,129,240","$3,129,240"
"Aaron Holiday","PG","HOU
                 HOU","28","2025","2025","1","$3,080,921","$3,080,921","$3,080,921","$3,080,921"
"James Wiseman","C","NYK
                 NYK","25","2026","2026","1","$3,066,143","$3,066,143","$3,066,143","$3,066,143"
"Anthony Gill","PF","WAS
                 WAS","33","2026","2026","1","$3,066,143","$3,066,143","$3,066,143","$3,066,143"
"Nick Richards","C","MIA
                 MIA","28","2026","2026","1","$3,066,143","$3,066,143","$3,066,143","$3,066,143"
"Haywood Highsmith","F","PHX
                 PHX","29","2026","2026","1","$3,066,143","$3,066,143","$3,066,143","$3,066,143"
"Jae’Sean Tate","SF","HOU
                 HOU","30","2026","2026","1","$3,066,143","$3,066,143","$3,066,143","$3,066,143"
"Olivier-Maxence Prosper","PF","MEM
                 MEM","23","2025","2026","2","$3,025,691","$1,512,846","$3,025,691","$3,025,691"
"Jamal Cain","SF","ORL
                 ORL","27","2025","2026","2","$2,912,659","$1,456,330","$2,912,659","$2,912,659"
"Thanasis Antetokounmpo","SF","MIL
                 MIL","33","2025","2025","1","$2,874,436","$2,874,436","$2,874,436","$2,874,436"
"Amir Coffey","SG","PHX
                 PHX","28","2025","2025","1","$2,874,436","$2,874,436","$1,090,303","$1,090,303"
"Kenyon Martin Jr.","SF","MIN
                 MIN","25","2026","2026","1","$2,845,883","$2,845,883","$2,845,883","$2,845,883"
"Trendon Watford","PF","NOP
                 NOP","25","2026","2026","1","$2,845,883","$2,845,883","$2,845,883","$2,845,883"
"Mario Hezonja","SG","CLE
                 CLE","31","2026","2026","1","$2,845,883","$2,845,883","$2,845,883","$2,845,883"
"Ziaire Williams","SF","LAL
                 LAL","24","2026","2026","1","$2,845,883","$2,845,883","$2,845,883","$2,845,883"
"Charles Bassey","C","GSW
                 GSW","25","2026","2026","1","$2,845,883","$2,845,883","$2,845,883","$2,845,883"
"Nah'Shon Hyland","PG","MIN
                 MIN","25","2026","2026","1","$2,845,883","$2,845,883","$2,845,883","$2,845,883"
"Damion Lee","SG","PHX
                 PHX","31","2024","2024","1","$2,800,834","$2,800,834","$2,800,834","$2,800,834"
"Seth Curry","SG","GSW
                 GSW","35","2025","2025","1","$2,777,830","$2,777,830","$2,777,830","$2,777,830"
"Blake Wesley","SG","SAS
                 SAS","23","2026","2026","1","$2,625,627","$2,625,627","$2,625,627","$2,625,627"
"Brandon Boston Jr","SG","CHI
                 CHI","24","2026","2026","1","$2,625,627","$2,625,627","$2,625,627","$2,625,627"
"Orlando Robinson","C","CHI
                 CHI","26","2026","2026","1","$2,625,627","$2,625,627","$2,625,627","$2,625,627"
"Ochai Agbaji","SF","NYK
                 NYK","26","2026","2026","1","$2,625,627","$2,625,627","$2,625,627","$2,625,627"
"Dalen Terry","SG","GSW
                 GSW","24","2026","2026","1","$2,625,627","$2,625,627","$2,625,627","$2,625,627"
"J.D. Davison","PG","ORL
                 ORL","23","2026","2026","1","$2,625,627","$2,625,627","$2,625,627","$2,625,627"
"Malaki Branham","SG","ORL
                 ORL","23","2026","2026","1","$2,625,627","$2,625,627","$2,625,627","$2,625,627"
"Brandon Williams","PG","GSW
                 GSW","26","2026","2026","1","$2,625,627","$2,625,627","$2,625,627","$2,625,627"
"Caleb Houstan","SF","NOP
                 NOP","23","2026","2026","1","$2,625,627","$2,625,627","$2,625,627","$2,625,627"
"Jeremy Sochan","PF","POR
                 POR","23","2026","2026","1","$2,625,627","$2,625,627","$2,625,627","$2,625,627"
"Christian Koloko","C","ATL
                 ATL","26","2026","2026","1","$2,625,627","$2,625,627","$2,625,627","$2,625,627"
"Simone Fontecchio","SF","MIA
                 MIA","30","2026","2026","1","$2,625,627","$2,625,627","$2,625,627","$2,625,627"
"Cole Swider","F","LAL
                 LAL","27","2026","2026","1","$2,537,526","$2,537,526","$2,537,526","$2,537,526"
"Chris Livingston","SF","WAS
                 WAS","22","2026","2026","1","$2,537,526","$2,537,526","$2,537,526","$2,537,526"
"Drew Peterson","F","CHI
                 CHI","26","2026","2026","1","$2,537,526","$2,537,526","$2,537,526","$2,537,526"
"Zhaire Smith","SG","OKC
                 OKC","27","2026","2026","1","$2,537,526","$2,537,526","$2,537,526","$2,537,526"
"Duop Reath","C","PHX
                 PHX","30","2026","2026","1","$2,537,526","$2,537,526","$2,537,526","$2,537,526"
"Tacko Fall","C","PHI
                 PHI","30","2026","2026","1","$2,537,526","$2,537,526","$2,537,526","$2,537,526"
"Andre Jackson Jr.","SG","TOR
                 TOR","24","2026","2026","1","$2,537,526","$2,537,526","$2,537,526","$2,537,526"
"Kobe Bufkin","PG","NOP
                 NOP","22","2026","2026","1","$2,537,526","$2,537,526","$2,537,526","$2,537,526"
"Julian Phillips","SF","HOU
                 HOU","22","2026","2026","1","$2,537,526","$2,537,526","$2,537,526","$2,537,526"
"Oscar Tshiebwe","PF","HOU
                 HOU","26","2026","2026","1","$2,537,526","$2,537,526","$2,537,526","$2,537,526"
"Tolu Smith III","F","DET
                 DET","25","2025","2026","2","$2,481,728","$1,240,864","$2,481,728","$2,481,728"
"Lindy Waters III","SF","SAS
                 SAS","27","2025","2025","1","$2,461,463","$2,461,463","$2,461,463","$2,461,463"
"N'Faly Dante","PF","NYK
                 NYK","24","2026","2026","1","$2,449,421","$2,449,421","$2,449,421","$2,449,421"
"Trevor Keels","SG","WAS
                 WAS","23","2026","2026","1","$2,449,421","$2,449,421","$2,449,421","$2,449,421"
"Emanuel Miller","SF","DEN
                 DEN","26","2026","2026","1","$2,449,421","$2,449,421","$2,449,421","$2,449,421"
"Tristen Newton","PG","SAC
                 SAC","25","2026","2026","1","$2,449,421","$2,449,421","$2,449,421","$2,449,421"
"Seth Lundy","SG","DAL
                 DAL","26","2026","2026","1","$2,449,421","$2,449,421","$2,449,421","$2,449,421"
"Malik Williams","C","SAS
                 SAS","28","2026","2026","1","$2,449,421","$2,449,421","$2,449,421","$2,449,421"
"Antonio Reeves","SG","MIN
                 MIN","25","2026","2026","1","$2,449,421","$2,449,421","$2,449,421","$2,449,421"
"Leaky Black","SF","SAC
                 SAC","27","2026","2026","1","$2,449,421","$2,449,421","$2,449,421","$2,449,421"
"Kennedy Chandler","PG","MIN
                 MIN","24","2026","2026","1","$2,449,421","$2,449,421","$2,449,421","$2,449,421"
"Drew Timme","F","MIN
                 MIN","26","2026","2026","1","$2,449,421","$2,449,421","$2,449,421","$2,449,421"
"Devin Carter","PG","BOS
                 BOS","24","2026","2026","1","$2,449,421","$2,449,421","$2,449,421","$2,449,421"
"Dillon Jones","SF","PHI
                 PHI","24","2026","2026","1","$2,449,421","$2,449,421","$2,449,421","$2,449,421"
"John Butler Jr.","C","MIL
                 MIL","23","2026","2026","1","$2,449,421","$2,449,421","$2,449,421","$2,449,421"
"Yuki Kawamura","G","LAC
                 LAC","25","2026","2026","1","$2,449,421","$2,449,421","$2,449,421","$2,449,421"
"Harrison Ingram","SF","UTA
                 UTA","23","2026","2026","1","$2,449,421","$2,449,421","$2,449,421","$2,449,421"
"Branden Carlson","C","POR
                 POR","27","2026","2026","1","$2,449,421","$2,449,421","$2,449,421","$2,449,421"
"Vlatko Cancar","PF","DEN
                 DEN","27","2024","2024","1","$2,425,403","$2,425,403","$2,425,403","$2,425,403"
"Bol Bol","PF","PHX
                 PHX","24","2024","2024","1","$2,425,403","$2,425,403","$2,425,403","$2,425,403"
"Blake Wesley","SG","SAS
                 SAS","22","2025","2025","1","$2,378,870","$2,378,870","$2,378,870","$2,378,870"
"Brandon Williams","PG","GSW
                 GSW","25","2024","2025","2","$2,318,724","$1,159,362","$2,318,724","$2,318,724"
"Miles Kelly","F","GSW
                 GSW","23","2026","2026","1","$2,185,116","$2,185,116","$2,185,116","$2,185,116"
"Reece Beekman","PG","WAS
                 WAS","24","2026","2026","1","$2,185,116","$2,185,116","$2,185,116","$2,185,116"
"Tyreke Key","G","TOR
                 TOR","27","2026","2026","1","$2,185,116","$2,185,116","$2,185,116","$2,185,116"
"Phillip Wheeler","F","PHX
                 PHX","24","2026","2026","1","$2,185,116","$2,185,116","$2,185,116","$2,185,116"
"Norchad Omier","F","MIN
                 MIN","25","2026","2026","1","$2,185,116","$2,185,116","$2,185,116","$2,185,116"
"Curtis Jones","G","CLE
                 CLE","24","2026","2026","1","$2,185,116","$2,185,116","$2,185,116","$2,185,116"
"Kadary Richmond","SG","CLE
                 CLE","25","2026","2026","1","$2,185,116","$2,185,116","$2,185,116","$2,185,116"
"Gabe McGlothan","PF","BOS
                 BOS","27","2026","2026","1","$2,185,116","$2,185,116","$2,185,116","$2,185,116"
"Hayden Gray","G","BOS
                 BOS","23","2026","2026","1","$2,185,116","$2,185,116","$2,185,116","$2,185,116"
"Alex Toohey","F","GSW
                 GSW","22","2026","2026","1","$2,185,116","$2,185,116","$2,185,116","$2,185,116"
"Taelon Peter","G","SAS
                 SAS","24","2026","2026","1","$2,185,116","$2,185,116","$2,185,116","$2,185,116"
"Fletcher Loyer","G","LAC
                 LAC","23","2026","2026","1","$1,357,763","$1,357,763","$1,357,763","$1,357,763"
"Jarkel Joiner","G","CHA
                 CHA","27","2026","2026","1","$1,357,763","$1,357,763","$1,357,763","$1,357,763"
"Jaelen House","PG","UTA
                 UTA","25","2026","2026","1","$1,357,763","$1,357,763","$1,357,763","$1,357,763"
"Isaac McKneely","G","ATL
                 ATL","22","2026","2026","1","$1,357,763","$1,357,763","$1,357,763","$1,357,763"
"William Kyle III","C","LAL
                 LAL","22","2026","2026","1","$1,357,763","$1,357,763","$1,357,763","$1,357,763"
"John Ukomadu","F","DET
                 DET","24","2026","2026","1","$1,357,763","$1,357,763","$1,357,763","$1,357,763"
"Steve Settle","F","WAS
                 WAS","25","2026","2026","1","$1,357,763","$1,357,763","$1,357,763","$1,357,763"
"Terrell Brown Jr.","G","UTA
                 UTA","28","2026","2026","1","$1,357,763","$1,357,763","$1,357,763","$1,357,763"
"Brice Williams","F","DET
                 DET","25","2026","2026","1","$1,357,763","$1,357,763","$1,357,763","$1,357,763"
"Marquel Sutton","F","CHI
                 CHI","23","2026","2026","1","$1,357,763","$1,357,763","$1,357,763","$1,357,763"
"Ian Schieffelin","F","MIA
                 MIA","23","2026","2026","1","$1,357,763","$1,357,763","$1,357,763","$1,357,763"
"Robert McCray V","G","OKC
                 OKC","23","2026","2026","1","$1,357,763","$1,357,763","$1,357,763","$1,357,763"
"Andrew Holifield","C","OKC
                 OKC","22","2026","2026","1","$1,357,763","$1,357,763","$1,357,763","$1,357,763"
"Dane Goodwin","SG","DEN
                 DEN","26","2026","2026","1","$1,357,763","$1,357,763","$1,357,763","$1,357,763"
"Coleman Hawkins","SF","DEN
                 DEN","24","2026","2026","1","$1,357,763","$1,357,763","$1,357,763","$1,357,763"
"Dwayne Sutton","F","CHI
                 CHI","","2026","2026","1","$1,357,763","$1,357,763","$1,357,763","$1,357,763"
"Jon Elmore","G","SAS
                 SAS","30","2026","2026","1","$1,357,763","$1,357,763","$1,357,763","$1,357,763"
"Nimari Burnett","SG","TOR
                 TOR","24","2026","2026","1","$1,357,763","$1,357,763","$1,357,763","$1,357,763"
"R.J. Davis","SG","SAS
                 SAS","24","2026","2026","1","$1,357,763","$1,357,763","$1,357,763","$1,357,763"
"Rashaun Agee","F","CLE
                 CLE","25","2026","2026","1","$1,357,763","$1,357,763","$1,357,763","$1,357,763"
"Zack Austin","F","CLE
                 CLE","25","2026","2026","1","$1,357,763","$1,357,763","$1,357,763","$1,357,763"
"Dain Dainja","F","BKN
                 BKN","24","2026","2026","1","$1,357,763","$1,357,763","$1,357,763","$1,357,763"
"Ben Humrichous","G","BKN
                 BKN","24","2026","2026","1","$1,357,763","$1,357,763","$1,357,763","$1,357,763"
"Peter Suder","G","CHI
                 CHI","23","2026","2026","1","$1,357,763","$1,357,763","$1,357,763","$1,357,763"
"Rienk Mast","C","IND
                 IND","25","2026","2026","1","$1,357,763","$1,357,763","$1,357,763","$1,357,763"
"Keba Keita","C","IND
                 IND","23","2026","2026","1","$1,357,763","$1,357,763","$1,357,763","$1,357,763"
"Christoph Tilly","C","OKC
                 OKC","23","2026","2026","1","$1,357,763","$1,357,763","$1,357,763","$1,357,763"
"Saint Thomas","F","PHI
                 PHI","23","2026","2026","1","$1,357,763","$1,357,763","$1,357,763","$1,357,763"
"Jameer Nelson Jr.","G","PHI
                 PHI","25","2026","2026","1","$1,357,763","$1,357,763","$1,357,763","$1,357,763"
"J’Vonne Hadley","F","MIA
                 MIA","24","2026","2026","1","$1,357,763","$1,357,763","$1,357,763","$1,357,763"
"Tucker DeVries","F","BOS
                 BOS","23","2026","2026","1","$1,357,763","$1,357,763","$1,357,763","$1,357,763"
"Milos Uzan","PG","BOS
                 BOS","23","2026","2026","1","$1,357,763","$1,357,763","$1,357,763","$1,357,763"
"Duke Miles","G","PHI
                 PHI","24","2026","2026","1","$1,357,763","$1,357,763","$1,357,763","$1,357,763"
"Alpha Diallo","SF","DEN
                 DEN","29","2026","2026","1","$1,357,763","$1,357,763","$1,357,763","$1,357,763"
"Nate Bittle","C","TOR
                 TOR","23","2026","2026","1","$1,357,763","$1,357,763","$1,357,763","$1,357,763"
"Mason Plumlee","C","SAS
                 SAS","35","2025","2025","1","$939,867","$939,867","$939,867","$939,867"
"Amari Williams","C","BOS
                 BOS","24","2026","2026","1","$679,042","$679,042","$679,042","$679,042"
"Chaney Johnson","F","BKN
                 BKN","24","2026","2026","1","$679,042","$679,042","$679,042","$679,042"
"Chucky Hepburn","G","TOR
                 TOR","23","2026","2026","1","$679,042","$679,042","$679,042","$679,042"
"Carson Cooper","C","MEM
                 MEM","22","2026","2026","1","$678,882","$678,882","$678,882","$678,882"
"Kevin McCullar Jr.","SG","NYK
                 NYK","25","2026","2026","1","$678,882","$678,882","$678,882","$678,882"
"Julian Reese","F","NOP
                 NOP","23","2026","2026","1","$678,882","$678,882","$678,882","$678,882"
"Malachi Smith","G","TOR
                 TOR","26","2026","2026","1","$678,882","$678,882","$678,882","$678,882"
"Cam Whitmore","SF","DEN
                 DEN","22","2026","2026","1","$678,882","$678,882","$678,882","$678,882"
"Grant Nelson","F","BKN
                 BKN","24","2026","2026","1","$678,882","$678,882","$678,882","$678,882"
"Keshad Johnson","PF","MIA
                 MIA","25","2026","2026","1","$678,882","$678,882","$678,882","$678,882"
"Bryce Hopkins","F","DEN
                 DEN","24","2026","2026","1","$678,882","$678,882","$678,882","$678,882"
"Malik Dia","F","NOP
                 NOP","22","2026","2026","1","$678,882","$678,882","$678,882","$678,882"
"Sean Pedulla","G","HOU
                 HOU","23","2026","2026","1","$678,882","$678,882","$678,882","$678,882"
"Braden Smith","PG","IND
                 IND","23","2026","2026","1","$678,882","$678,882","$678,882","$678,882"
"Dillon Mitchell","F","BOS
                 BOS","22","2026","2026","1","$678,882","$678,882","$678,882","$678,882"
"Jalen Pickett","PG","LAC
                 LAC","26","2026","2026","1","$678,882","$678,882","$678,882","$678,882"
"Jaron Pierre Jr.","F","NOP
                 NOP","24","2026","2026","1","$678,882","$678,882","$678,882","$678,882"
"Jalen Slawson","PF","IND
                 IND","26","2026","2026","1","$678,882","$678,882","$678,882","$678,882"
"Arthur Kaluma","F","LAL
                 LAL","24","2026","2026","1","$678,882","$678,882","$678,882","$678,882"
"Jett Howard","SG","DAL
                 DAL","22","2026","2026","1","$678,882","$678,882","$678,882","$678,882"
"Jalen Wilson","PF","ATL
                 ATL","25","2026","2026","1","$678,882","$678,882","$678,882","$678,882"
"Elijah Harkless","PG","DET
                 DET","26","2026","2026","1","$678,882","$678,882","$678,882","$678,882"
"Kobe Brown","PF","IND
                 IND","26","2026","2026","1","$678,882","$678,882","$678,882","$678,882"
"Quadir Copeland","F","HOU
                 HOU","22","2026","2026","1","$678,882","$678,882","$678,882","$678,882"
"Felix Okpara","C","WAS
                 WAS","22","2026","2026","1","$678,882","$678,882","$678,882","$678,882"
"Koby Brea","G","PHX
                 PHX","23","2026","2026","1","$678,882","$678,882","$678,882","$678,882"
"Trey Alexander","SG","UTA
                 UTA","23","2026","2026","1","$678,882","$678,882","$678,882","$678,882"
"AK Okereke","F","LAL
                 LAL","23","2026","2026","1","$678,882","$678,882","$678,882","$678,882"
"Kam Jones","PG","MIL
                 MIL","24","2026","2026","1","$678,882","$678,882","$678,882","$678,882"
"Chris Manon","G","LAL
                 LAL","24","2026","2026","1","$678,882","$678,882","$678,882","$678,882"
"Jaylin Sellers","G","CHI
                 CHI","23","2026","2026","1","$678,882","$678,882","$678,882","$678,882"
"Tobi Lawal","F","DAL
                 DAL","23","2026","2026","1","$678,882","$678,882","$678,882","$678,882"
"Tobe Awaka","PF","CHI
                 CHI","22","2026","2026","1","$678,882","$678,882","$678,882","$678,882"
"Josh Dix","SG","OKC
                 OKC","22","2026","2026","1","$678,882","$678,882","$678,882","$678,882"
"Brooks Barnhizer","SF","OKC
                 OKC","24","2026","2026","1","$678,882","$678,882","$678,882","$678,882"
"Otega Oweh","SG","OKC
                 OKC","23","2026","2026","1","$678,882","$678,882","$678,882","$678,882"
"Ja'Kobi Gillespie","SG","SAS
                 SAS","22","2026","2026","1","$678,882","$678,882","$678,882","$678,882"
"Tre Donaldson","G","MIA
                 MIA","22","2026","2026","1","$678,882","$678,882","$678,882","$678,882"
"Maliq Brown","PG","SAS
                 SAS","22","2026","2026","1","$678,882","$678,882","$678,882","$678,882"
"Caleb Love","G","PHI
                 PHI","24","2026","2026","1","$678,882","$678,882","$678,882","$678,882"
"Tyler Bilodeau","F","BKN
                 BKN","22","2026","2026","1","$678,882","$678,882","$678,882","$678,882"
"Rayan Rupert","SG","PHI
                 PHI","22","2026","2026","1","$678,882","$678,882","$678,882","$678,882"
"Pat Spencer","G","PHX
                 PHX","29","2026","2026","1","$678,882","$678,882","$678,882","$678,882"
"Enrique Freeman","PF","MIN
                 MIN","25","2026","2026","1","$678,882","$678,882","$678,882","$678,882"
"Colin Castleton","PF","ORL
                 ORL","26","2026","2026","1","$678,882","$678,882","$678,882","$678,882"
"Ernest Udeh Jr.","C","CLE
                 CLE","22","2026","2026","1","$678,882","$678,882","$678,882","$678,882"
"Jamir Watkins","G","WAS
                 WAS","24","2026","2026","1","$678,882","$678,882","$678,882","$678,882"
"David Roddy","PF","DEN
                 DEN","24","2025","2025","1","$146,307","$146,307","$146,307","$146,307"
"Tony Bradley","C","ATL
                 ATL","28","2025","2025","1","$123,945","$123,945","$123,945","$123,945"
"A.J. Lawson","F","TOR
                 TOR","25","2025","2025","1","$27,343","$27,343","$27,343","$27,343"
"Tyler Nickel","F","NYK
                 NYK","23","2026","2027","2","","","$678,882","$678,882"
"Graham Ike","F","GSW
                 GSW","24","2026","2027","2","","","$678,882","$678,882"
"Rafael Castro","C","HOU
                 HOU","23","2026","2027","2","","","$678,882","$678,882"
"Trey Jemison","PF","TOR
                 TOR","26","2026","2026","1","","","$678,882","$678,882"
"John Tonje","G","POR
                 POR","25","2026","2027","2","","","$678,882","$678,882"
"David Jones-Garcia","SF","SAS
                 SAS","24","2026","2026","1","","","$678,882","$678,882"
"Vladislav Goldin","C","MIA
                 MIA","25","2026","2026","1","","","$678,882","$678,882"
"Kylan Boswell","G","CHA
                 CHA","21","2026","2027","2","","","$678,882","$678,882"
"Michael Ajayi","F","CHA
                 CHA","23","2026","2027","2","","","$678,882","$678,882"
"Nick Martinelli","F","LAC
                 LAC","22","2026","2027","2","","","$678,882","$678,882"
"Tamar Bates","G","UTA
                 UTA","23","2026","2027","2","","","$678,882","$678,882"
"Ugonna Onyenso","C","DET
                 DET","21","2026","2027","2","","","$678,882","$678,882"
"Izaiyah Nelson","C","ORL
                 ORL","22","2026","2026","2","","","$1,395,103","$1,395,103"
"Adam Flagler","G","SAC
                 SAC","26","2026","2027","2","","","$1,395,103","$1,395,103"
"Jonathan Mogbo","C","SAC
                 SAC","24","2026","2027","2","","","$1,395,103","$1,395,103"
"Keshon Gilbert","G","ATL
                 ATL","22","2025","2026","2","","","$146,307","$146,307"
"Jayson Kent","SG","POR
                 POR","24","2025","2026","2","","","$149,965","$149,965"
"Chris Youngblood","SG","POR
                 POR","24","2025","2026","2","","","$149,965","$149,965"
"CJ Huntley","F","PHX
                 PHX","24","2025","2026","2","","","$153,622","$153,622"
"John Poulakidas","G","DAL
                 DAL","22","2025","2026","2","","","$157,280","$157,280"
"Zyon Pullin","PG","MIN
                 MIN","24","2025","2026","2","","","$157,280","$157,280"
"Cormac Ryan","SG","MIL
                 MIL","27","2025","2026","2","","","$168,253","$168,253"
"K.J. Simpson","PG","DEN
                 DEN","23","2025","2026","2","","","$193,857","$193,857"
"Alex Morales","G","ORL
                 ORL","28","2025","2026","2","","","$201,172","$201,172"
"Riley Minix","SF","CLE
                 CLE","25","2025","2026","2","","","$215,803","$215,803"
"Isaac Jones","C","DET
                 DET","25","2025","2026","2","","","$230,433","$230,433"
"Blake Hinson","SG","UTA
                 UTA","26","2025","2026","2","","","$230,433","$230,433"
"Tristan Enaruna","PF","CLE
                 CLE","24","2025","2026","2","","","$274,325","$274,325"
"RayJ Dennis","PG","ATL
                 ATL","24","2025","2026","2","","","",""
"TyTy Washington Jr.","PG","LAC
                 LAC","24","2025","2025","1","","","",""
"MarJon Beauchamp","SG","PHI
                 PHI","25","2025","2025","1","","","",""
"P.J. Hall","PF","CHA
                 CHA","23","2025","2026","2","","","$85,300","$85,300"
"Malevy Leons","PF","GSW
                 GSW","26","2025","2026","2","","","$85,300","$85,300"
"L.J. Cryer","PG","GSW
                 GSW","24","2025","2026","2","","","$85,300","$85,300"
"Jahmai Mashack","F","MEM
                 MEM","23","2025","2026","2","","","$270,668","$270,668"
"Wendell Moore Jr.","SG","DET
                 DET","24","2025","2025","1","","","$85,300","$85,300"
"Javon Small","G","MEM
                 MEM","22","2025","2026","2","","","$85,300","$85,300"
"Rocco Zikarsky","C","MIN
                 MIN","18","2025","2026","2","","","$85,300","$85,300"
